{"cameraMode":{"drawMode":0,"name":"Shaded","section":"Shading Mode"},"sceneLighting":false,"audioPlay":false,"sceneViewState":{"showFog":false,"showMaterialUpdate":false,"showSkybox":false,"showFlares":false,"showImageEffects":false,"showParticleSystems":false},"in2DMode":false,"pivot":{"x":-0.09590816497802735,"y":-0.163435697555542,"z":-0.002485513687133789},"rotation":{"x":0.17358839511871339,"y":0.5165743231773377,"z":-0.10784297436475754,"w":0.8314974308013916},"size":8.6566743850708,"orthographic":false}