{"cameraMode":{"drawMode":0,"name":"Shaded","section":"Shading Mode"},"sceneLighting":false,"audioPlay":false,"sceneViewState":{"showFog":false,"showMaterialUpdate":false,"showSkybox":false,"showFlares":false,"showImageEffects":false,"showParticleSystems":false},"in2DMode":false,"pivot":{"x":-1.4114453792572022,"y":-0.1773362159729004,"z":-0.2548980712890625},"rotation":{"x":-0.1511257141828537,"y":0.012455376796424389,"z":-0.0019038594327867032,"w":-0.9884343147277832},"size":8.059002876281739,"orthographic":false}